<?xml version="1.0" encoding="UTF-8"?>
<!DOCTYPE hibernate-configuration PUBLIC
		"-//Hibernate/Hibernate Configuration DTD 3.0//EN"
		"http://hibernate.sourceforge.net/hibernate-configuration-3.0.dtd">
<hibernate-configuration>
    <session-factory>
        <property name="hibernate.connection.driver_class">com.mysql.cj.jdbc.Driver</property>
        <property name="hibernate.connection.password">root</property>
        <property name="hibernate.connection.url">jdbc:mysql://localhost:3306/mydata</property>
        <property name="hibernate.connection.username">root</property>
        <property name="hibernate.dialect">org.hibernate.dialect.MySQL8Dialect</property>
	    <property name="hbm2ddl.auto">update</property>
	    <property name="show_sql">true</property>
	    <mapping class="in.serosoft.training.Employee"/>
	    <mapping class="in.serosoft.training.Faculty"/>
	    <mapping class="in.serosoft.training.Course"/>
    </session-factory>
</hibernate-configuration>
